Region,Date,Estimated Unemployment Rate (%),Estimated Labour Participation Rate (%),Area,Estimated Employed Rate (%),Year,Month_num,Month
Andhra Pradesh,2019-05-31,3.65,43.24,Rural,39.59,2019.0,5.0,May
Andhra Pradesh,2019-06-30,3.05,42.05,Rural,39.0,2019.0,6.0,June
Andhra Pradesh,2019-07-31,3.75,43.5,Rural,39.75,2019.0,7.0,July
Andhra Pradesh,2019-08-31,3.32,43.97,Rural,40.65,2019.0,8.0,August
Andhra Pradesh,2019-09-30,5.17,44.68,Rural,39.51,2019.0,9.0,September
Andhra Pradesh,2019-10-31,3.52,43.01,Rural,39.489999999999995,2019.0,10.0,October
Andhra Pradesh,2019-11-30,4.12,41.0,Rural,36.88,2019.0,11.0,November
Andhra Pradesh,2019-12-31,4.38,45.14,Rural,40.76,2019.0,12.0,December
Andhra Pradesh,2020-01-31,4.84,43.46,Rural,38.620000000000005,2020.0,1.0,January
Andhra Pradesh,2020-02-29,5.91,42.83,Rural,36.92,2020.0,2.0,February
Andhra Pradesh,2020-03-31,4.06,40.66,Rural,36.599999999999994,2020.0,3.0,March
Andhra Pradesh,2020-04-30,16.29,36.03,Rural,19.740000000000002,2020.0,4.0,April
Andhra Pradesh,2020-05-31,14.46,38.16,Rural,23.699999999999996,2020.0,5.0,May
Andhra Pradesh,2020-06-30,0.85,53.76,Rural,52.91,2020.0,6.0,June
Assam,2019-05-31,4.29,57.39,Rural,53.1,2019.0,5.0,May
Assam,2019-06-30,5.08,43.87,Rural,38.79,2019.0,6.0,June
Assam,2019-07-31,4.26,48.21,Rural,43.95,2019.0,7.0,July
Assam,2019-08-31,5.79,45.83,Rural,40.04,2019.0,8.0,August
Assam,2019-09-30,4.46,55.67,Rural,51.21,2019.0,9.0,September
Assam,2019-10-31,4.65,40.76,Rural,36.11,2019.0,10.0,October
Assam,2019-11-30,4.66,46.64,Rural,41.980000000000004,2019.0,11.0,November
Assam,2020-01-31,4.29,54.9,Rural,50.61,2020.0,1.0,January
Assam,2020-02-29,3.26,40.17,Rural,36.910000000000004,2020.0,2.0,February
Assam,2020-03-31,3.77,47.05,Rural,43.279999999999994,2020.0,3.0,March
Assam,2020-05-31,9.38,50.0,Rural,40.62,2020.0,5.0,May
Assam,2020-06-30,0.0,34.38,Rural,34.38,2020.0,6.0,June
Bihar,2019-05-31,9.27,39.75,Rural,30.48,2019.0,5.0,May
Bihar,2019-06-30,10.2,39.71,Rural,29.51,2019.0,6.0,June
Bihar,2019-07-31,13.44,39.66,Rural,26.22,2019.0,7.0,July
Bihar,2019-08-31,11.0,36.85,Rural,25.85,2019.0,8.0,August
Bihar,2019-09-30,8.87,38.57,Rural,29.700000000000003,2019.0,9.0,September
Bihar,2019-10-31,12.47,40.31,Rural,27.840000000000003,2019.0,10.0,October
Bihar,2019-11-30,12.4,37.51,Rural,25.11,2019.0,11.0,November
Bihar,2019-12-31,10.16,37.25,Rural,27.09,2019.0,12.0,December
Bihar,2020-01-31,9.13,37.54,Rural,28.409999999999997,2020.0,1.0,January
Bihar,2020-02-29,9.61,37.28,Rural,27.67,2020.0,2.0,February
Bihar,2020-03-31,15.39,38.88,Rural,23.490000000000002,2020.0,3.0,March
Bihar,2020-04-30,45.09,38.63,Rural,-6.460000000000001,2020.0,4.0,April
Bihar,2020-05-31,47.26,38.5,Rural,-8.759999999999998,2020.0,5.0,May
Bihar,2020-06-30,20.49,37.4,Rural,16.91,2020.0,6.0,June
Chhattisgarh,2019-05-31,9.82,42.89,Rural,33.07,2019.0,5.0,May
Chhattisgarh,2019-06-30,6.76,43.71,Rural,36.95,2019.0,6.0,June
Chhattisgarh,2019-07-31,4.54,43.53,Rural,38.99,2019.0,7.0,July
Chhattisgarh,2019-08-31,4.64,42.55,Rural,37.91,2019.0,8.0,August
Chhattisgarh,2019-09-30,8.33,43.38,Rural,35.050000000000004,2019.0,9.0,September
Chhattisgarh,2019-10-31,6.96,46.28,Rural,39.32,2019.0,10.0,October
Chhattisgarh,2019-11-30,2.77,43.56,Rural,40.79,2019.0,11.0,November
Chhattisgarh,2019-12-31,6.11,42.59,Rural,36.480000000000004,2019.0,12.0,December
Chhattisgarh,2020-01-31,9.89,42.03,Rural,32.14,2020.0,1.0,January
Chhattisgarh,2020-02-29,7.89,45.05,Rural,37.16,2020.0,2.0,February
Chhattisgarh,2020-03-31,7.31,44.98,Rural,37.669999999999995,2020.0,3.0,March
Chhattisgarh,2020-04-30,0.0,39.43,Rural,39.43,2020.0,4.0,April
Chhattisgarh,2020-05-31,7.64,35.56,Rural,27.92,2020.0,5.0,May
Chhattisgarh,2020-06-30,10.14,38.66,Rural,28.519999999999996,2020.0,6.0,June
Delhi,2019-05-31,12.56,42.33,Rural,29.769999999999996,2019.0,5.0,May
Delhi,2019-06-30,9.33,35.74,Rural,26.410000000000004,2019.0,6.0,June
Delhi,2019-07-31,11.07,40.53,Rural,29.46,2019.0,7.0,July
Delhi,2019-08-31,17.18,35.21,Rural,18.03,2019.0,8.0,August
Delhi,2019-09-30,12.5,40.68,Rural,28.18,2019.0,9.0,September
Delhi,2019-10-31,15.84,37.9,Rural,22.06,2019.0,10.0,October
Delhi,2019-11-30,11.11,42.71,Rural,31.6,2019.0,11.0,November
Delhi,2019-12-31,16.97,37.08,Rural,20.11,2019.0,12.0,December
Delhi,2020-01-31,13.48,38.36,Rural,24.88,2020.0,1.0,January
Delhi,2020-02-29,13.81,35.84,Rural,22.03,2020.0,2.0,February
Delhi,2020-03-31,15.18,37.45,Rural,22.270000000000003,2020.0,3.0,March
Delhi,2020-04-30,20.69,30.21,Rural,9.52,2020.0,4.0,April
Delhi,2020-05-31,22.76,34.65,Rural,11.889999999999997,2020.0,5.0,May
Delhi,2020-06-30,21.14,29.22,Rural,8.079999999999998,2020.0,6.0,June
Goa,2019-05-31,2.91,39.16,Rural,36.25,2019.0,5.0,May
Goa,2019-06-30,5.45,38.19,Rural,32.739999999999995,2019.0,6.0,June
Goa,2019-07-31,10.98,39.81,Rural,28.830000000000002,2019.0,7.0,July
Goa,2019-08-31,1.98,39.61,Rural,37.63,2019.0,8.0,August
Goa,2019-09-30,3.61,35.78,Rural,32.17,2019.0,9.0,September
Goa,2019-10-31,7.21,40.36,Rural,33.15,2019.0,10.0,October
Goa,2019-11-30,23.71,44.09,Rural,20.380000000000003,2019.0,11.0,November
Goa,2019-12-31,3.54,38.7,Rural,35.160000000000004,2019.0,12.0,December
Goa,2020-01-31,5.38,35.36,Rural,29.98,2020.0,1.0,January
Goa,2020-02-29,0.0,36.11,Rural,36.11,2020.0,2.0,February
Goa,2020-04-30,15.91,45.36,Rural,29.45,2020.0,4.0,April
Goa,2020-05-31,20.0,33.71,Rural,13.71,2020.0,5.0,May
Gujarat,2019-05-31,2.88,52.03,Rural,49.15,2019.0,5.0,May
Gujarat,2019-06-30,4.77,50.12,Rural,45.349999999999994,2019.0,6.0,June
Gujarat,2019-07-31,4.58,54.21,Rural,49.63,2019.0,7.0,July
Gujarat,2019-08-31,3.7,50.57,Rural,46.87,2019.0,8.0,August
Gujarat,2019-09-30,6.29,51.01,Rural,44.72,2019.0,9.0,September
Gujarat,2019-10-31,4.91,52.27,Rural,47.36,2019.0,10.0,October
Gujarat,2019-11-30,4.68,54.55,Rural,49.87,2019.0,11.0,November
Gujarat,2019-12-31,3.46,51.51,Rural,48.05,2019.0,12.0,December
Gujarat,2020-01-31,5.35,54.07,Rural,48.72,2020.0,1.0,January
Gujarat,2020-02-29,6.64,53.48,Rural,46.839999999999996,2020.0,2.0,February
Gujarat,2020-03-31,7.59,52.06,Rural,44.47,2020.0,3.0,March
Gujarat,2020-04-30,12.0,34.77,Rural,22.770000000000003,2020.0,4.0,April
Gujarat,2020-05-31,14.58,46.31,Rural,31.730000000000004,2020.0,5.0,May
Gujarat,2020-06-30,1.41,47.72,Rural,46.31,2020.0,6.0,June
Haryana,2019-05-31,14.54,45.12,Rural,30.58,2019.0,5.0,May
Haryana,2019-06-30,23.08,45.23,Rural,22.15,2019.0,6.0,June
Haryana,2019-07-31,16.22,42.17,Rural,25.950000000000003,2019.0,7.0,July
Haryana,2019-08-31,30.94,48.23,Rural,17.289999999999996,2019.0,8.0,August
Haryana,2019-09-30,16.36,44.72,Rural,28.36,2019.0,9.0,September
Haryana,2019-10-31,24.17,46.07,Rural,21.9,2019.0,10.0,October
Haryana,2019-11-30,16.59,42.48,Rural,25.889999999999997,2019.0,11.0,November
Haryana,2019-12-31,29.56,47.4,Rural,17.84,2019.0,12.0,December
Haryana,2020-01-31,16.21,43.74,Rural,27.53,2020.0,1.0,January
Haryana,2020-02-29,27.19,45.37,Rural,18.179999999999996,2020.0,2.0,February
Haryana,2020-03-31,23.92,41.4,Rural,17.479999999999997,2020.0,3.0,March
Haryana,2020-04-30,41.61,49.85,Rural,8.240000000000002,2020.0,4.0,April
Haryana,2020-05-31,34.22,42.78,Rural,8.560000000000002,2020.0,5.0,May
Haryana,2020-06-30,35.57,48.53,Rural,12.96,2020.0,6.0,June
Himachal Pradesh,2019-05-31,13.68,44.23,Rural,30.549999999999997,2019.0,5.0,May
Himachal Pradesh,2019-06-30,11.43,41.18,Rural,29.75,2019.0,6.0,June
Himachal Pradesh,2019-07-31,20.59,44.91,Rural,24.319999999999997,2019.0,7.0,July
Himachal Pradesh,2019-08-31,18.56,44.91,Rural,26.349999999999998,2019.0,8.0,August
Himachal Pradesh,2019-09-30,15.98,45.02,Rural,29.040000000000003,2019.0,9.0,September
Himachal Pradesh,2019-10-31,15.81,42.81,Rural,27.0,2019.0,10.0,October
Himachal Pradesh,2019-11-30,22.86,48.5,Rural,25.64,2019.0,11.0,November
Himachal Pradesh,2019-12-31,19.46,44.05,Rural,24.589999999999996,2019.0,12.0,December
Himachal Pradesh,2020-01-31,16.67,45.11,Rural,28.439999999999998,2020.0,1.0,January
Himachal Pradesh,2020-02-29,15.42,42.45,Rural,27.03,2020.0,2.0,February
Himachal Pradesh,2020-03-31,17.71,40.17,Rural,22.46,2020.0,3.0,March
Himachal Pradesh,2020-04-30,2.13,18.43,Rural,16.3,2020.0,4.0,April
Himachal Pradesh,2020-05-31,25.64,42.62,Rural,16.979999999999997,2020.0,5.0,May
Himachal Pradesh,2020-06-30,1.12,41.2,Rural,40.080000000000005,2020.0,6.0,June
Jammu & Kashmir,2019-05-31,12.78,40.57,Rural,27.79,2019.0,5.0,May
Jammu & Kashmir,2019-06-30,12.09,39.02,Rural,26.930000000000003,2019.0,6.0,June
Jammu & Kashmir,2019-07-31,13.67,41.71,Rural,28.04,2019.0,7.0,July
Jammu & Kashmir,2019-08-31,11.32,44.17,Rural,32.85,2019.0,8.0,August
Jammu & Kashmir,2019-10-31,19.27,43.08,Rural,23.81,2019.0,10.0,October
Jammu & Kashmir,2019-11-30,14.73,39.69,Rural,24.959999999999997,2019.0,11.0,November
Jammu & Kashmir,2020-01-31,22.19,42.56,Rural,20.37,2020.0,1.0,January
Jammu & Kashmir,2020-02-29,21.23,38.25,Rural,17.02,2020.0,2.0,February
Jammu & Kashmir,2020-03-31,16.0,39.06,Rural,23.060000000000002,2020.0,3.0,March
Jammu & Kashmir,2020-05-31,2.22,38.46,Rural,36.24,2020.0,5.0,May
Jammu & Kashmir,2020-06-30,18.97,34.94,Rural,15.969999999999999,2020.0,6.0,June
Jharkhand,2019-05-31,7.11,39.04,Rural,31.93,2019.0,5.0,May
Jharkhand,2019-06-30,8.46,41.12,Rural,32.66,2019.0,6.0,June
Jharkhand,2019-07-31,9.98,39.66,Rural,29.679999999999996,2019.0,7.0,July
Jharkhand,2019-08-31,12.06,40.83,Rural,28.769999999999996,2019.0,8.0,August
Jharkhand,2019-09-30,7.12,41.24,Rural,34.120000000000005,2019.0,9.0,September
Jharkhand,2019-10-31,6.57,42.33,Rural,35.76,2019.0,10.0,October
Jharkhand,2019-11-30,8.07,40.26,Rural,32.19,2019.0,11.0,November
Jharkhand,2019-12-31,15.15,41.09,Rural,25.940000000000005,2019.0,12.0,December
Jharkhand,2020-01-31,6.16,42.43,Rural,36.269999999999996,2020.0,1.0,January
Jharkhand,2020-02-29,9.06,44.05,Rural,34.989999999999995,2020.0,2.0,February
Jharkhand,2020-03-31,5.01,37.96,Rural,32.95,2020.0,3.0,March
Jharkhand,2020-04-30,41.72,36.92,Rural,-4.799999999999997,2020.0,4.0,April
Jharkhand,2020-05-31,55.1,37.03,Rural,-18.07,2020.0,5.0,May
Jharkhand,2020-06-30,21.53,40.65,Rural,19.119999999999997,2020.0,6.0,June
Karnataka,2019-05-31,5.46,46.36,Rural,40.9,2019.0,5.0,May
Karnataka,2019-06-30,5.98,43.12,Rural,37.14,2019.0,6.0,June
Karnataka,2019-07-31,0.52,38.42,Rural,37.9,2019.0,7.0,July
Karnataka,2019-08-31,0.37,39.93,Rural,39.56,2019.0,8.0,August
Karnataka,2019-09-30,3.2,44.45,Rural,41.25,2019.0,9.0,September
Karnataka,2019-10-31,7.13,43.1,Rural,35.97,2019.0,10.0,October
Karnataka,2019-11-30,1.19,36.45,Rural,35.260000000000005,2019.0,11.0,November
Karnataka,2019-12-31,0.41,39.92,Rural,39.510000000000005,2019.0,12.0,December
Karnataka,2020-01-31,2.57,44.52,Rural,41.95,2020.0,1.0,January
Karnataka,2020-02-29,4.11,41.33,Rural,37.22,2020.0,2.0,February
Karnataka,2020-03-31,2.39,40.85,Rural,38.46,2020.0,3.0,March
Karnataka,2020-04-30,33.17,43.25,Rural,10.079999999999998,2020.0,4.0,April
Karnataka,2020-05-31,23.72,43.09,Rural,19.370000000000005,2020.0,5.0,May
Karnataka,2020-06-30,10.92,53.37,Rural,42.449999999999996,2020.0,6.0,June
Kerala,2019-05-31,6.63,38.07,Rural,31.44,2019.0,5.0,May
Kerala,2019-06-30,9.0,42.19,Rural,33.19,2019.0,6.0,June
Kerala,2019-07-31,4.95,34.96,Rural,30.01,2019.0,7.0,July
Kerala,2019-08-31,10.32,39.9,Rural,29.58,2019.0,8.0,August
Kerala,2019-09-30,5.35,38.97,Rural,33.62,2019.0,9.0,September
Kerala,2019-10-31,9.14,40.02,Rural,30.880000000000003,2019.0,10.0,October
Kerala,2019-11-30,5.0,32.71,Rural,27.71,2019.0,11.0,November
Kerala,2019-12-31,10.77,38.67,Rural,27.900000000000002,2019.0,12.0,December
Kerala,2020-01-31,4.11,37.66,Rural,33.55,2020.0,1.0,January
Kerala,2020-02-29,8.91,38.84,Rural,29.930000000000003,2020.0,2.0,February
Kerala,2020-03-31,8.85,30.87,Rural,22.020000000000003,2020.0,3.0,March
Kerala,2020-04-30,10.71,13.33,Rural,2.619999999999999,2020.0,4.0,April
Kerala,2020-05-31,23.38,33.62,Rural,10.239999999999998,2020.0,5.0,May
Kerala,2020-06-30,27.66,37.01,Rural,9.349999999999998,2020.0,6.0,June
Madhya Pradesh,2019-05-31,3.63,37.97,Rural,34.339999999999996,2019.0,5.0,May
Madhya Pradesh,2019-06-30,4.25,40.48,Rural,36.23,2019.0,6.0,June
Madhya Pradesh,2019-07-31,3.92,40.2,Rural,36.28,2019.0,7.0,July
Madhya Pradesh,2019-08-31,4.94,41.25,Rural,36.31,2019.0,8.0,August
Madhya Pradesh,2019-09-30,3.08,39.4,Rural,36.32,2019.0,9.0,September
Madhya Pradesh,2019-10-31,2.98,41.46,Rural,38.480000000000004,2019.0,10.0,October
Madhya Pradesh,2019-11-30,2.72,39.44,Rural,36.72,2019.0,11.0,November
Madhya Pradesh,2019-12-31,2.94,40.77,Rural,37.830000000000005,2019.0,12.0,December
Madhya Pradesh,2020-01-31,3.66,39.35,Rural,35.69,2020.0,1.0,January
Madhya Pradesh,2020-02-29,4.42,39.57,Rural,35.15,2020.0,2.0,February
Madhya Pradesh,2020-03-31,1.19,38.9,Rural,37.71,2020.0,3.0,March
Madhya Pradesh,2020-04-30,12.5,37.88,Rural,25.380000000000003,2020.0,4.0,April
Madhya Pradesh,2020-05-31,22.46,39.24,Rural,16.78,2020.0,5.0,May
Madhya Pradesh,2020-06-30,6.46,41.5,Rural,35.04,2020.0,6.0,June
Maharashtra,2019-05-31,3.67,47.11,Rural,43.44,2019.0,5.0,May
Maharashtra,2019-06-30,4.34,45.69,Rural,41.349999999999994,2019.0,6.0,June
Maharashtra,2019-07-31,3.66,48.8,Rural,45.14,2019.0,7.0,July
Maharashtra,2019-08-31,3.76,52.67,Rural,48.910000000000004,2019.0,8.0,August
Maharashtra,2019-09-30,4.4,49.74,Rural,45.34,2019.0,9.0,September
Maharashtra,2019-10-31,3.81,47.61,Rural,43.8,2019.0,10.0,October
Maharashtra,2019-11-30,3.68,48.53,Rural,44.85,2019.0,11.0,November
Maharashtra,2019-12-31,3.03,50.98,Rural,47.949999999999996,2019.0,12.0,December
Maharashtra,2020-01-31,3.8,50.36,Rural,46.56,2020.0,1.0,January
Maharashtra,2020-02-29,4.24,49.36,Rural,45.12,2020.0,2.0,February
Maharashtra,2020-03-31,5.38,45.6,Rural,40.22,2020.0,3.0,March
Maharashtra,2020-04-30,25.28,37.42,Rural,12.14,2020.0,4.0,April
Maharashtra,2020-05-31,16.89,41.21,Rural,24.32,2020.0,5.0,May
Maharashtra,2020-06-30,9.4,48.34,Rural,38.940000000000005,2020.0,6.0,June
Meghalaya,2019-05-31,3.16,66.13,Rural,62.97,2019.0,5.0,May
Meghalaya,2019-06-30,4.23,61.09,Rural,56.86,2019.0,6.0,June
Meghalaya,2019-07-31,1.03,66.67,Rural,65.64,2019.0,7.0,July
Meghalaya,2019-08-31,0.52,60.86,Rural,60.339999999999996,2019.0,8.0,August
Meghalaya,2019-09-30,0.24,66.02,Rural,65.78,2019.0,9.0,September
Meghalaya,2019-10-31,3.7,63.44,Rural,59.739999999999995,2019.0,10.0,October
Meghalaya,2019-11-30,1.5,69.03,Rural,67.53,2019.0,11.0,November
Meghalaya,2019-12-31,1.8,63.18,Rural,61.38,2019.0,12.0,December
Meghalaya,2020-01-31,0.97,69.66,Rural,68.69,2020.0,1.0,January
Meghalaya,2020-02-29,2.76,64.06,Rural,61.300000000000004,2020.0,2.0,February
Meghalaya,2020-03-31,1.28,67.46,Rural,66.17999999999999,2020.0,3.0,March
Meghalaya,2020-04-30,8.38,48.83,Rural,40.449999999999996,2020.0,4.0,April
Meghalaya,2020-05-31,3.73,57.26,Rural,53.53,2020.0,5.0,May
Meghalaya,2020-06-30,1.35,64.63,Rural,63.279999999999994,2020.0,6.0,June
Odisha,2019-05-31,4.17,40.47,Rural,36.3,2019.0,5.0,May
Odisha,2019-06-30,4.71,39.94,Rural,35.23,2019.0,6.0,June
Odisha,2019-07-31,3.31,43.05,Rural,39.739999999999995,2019.0,7.0,July
Odisha,2019-08-31,3.68,42.13,Rural,38.45,2019.0,8.0,August
Odisha,2019-09-30,4.31,40.32,Rural,36.01,2019.0,9.0,September
Odisha,2019-10-31,4.28,41.88,Rural,37.6,2019.0,10.0,October
Odisha,2019-11-30,4.72,44.06,Rural,39.34,2019.0,11.0,November
Odisha,2019-12-31,4.67,40.91,Rural,36.239999999999995,2019.0,12.0,December
Odisha,2020-01-31,1.81,39.09,Rural,37.28,2020.0,1.0,January
Odisha,2020-02-29,3.31,41.98,Rural,38.669999999999995,2020.0,2.0,February
Odisha,2020-03-31,15.09,39.55,Rural,24.459999999999997,2020.0,3.0,March
Odisha,2020-04-30,24.48,25.16,Rural,0.6799999999999997,2020.0,4.0,April
Odisha,2020-05-31,9.45,36.48,Rural,27.029999999999998,2020.0,5.0,May
Odisha,2020-06-30,4.59,36.36,Rural,31.77,2020.0,6.0,June
Puducherry,2019-05-31,0.0,43.08,Rural,43.08,2019.0,5.0,May
Puducherry,2019-06-30,0.0,45.95,Rural,45.95,2019.0,6.0,June
Puducherry,2019-07-31,0.0,34.56,Rural,34.56,2019.0,7.0,July
Puducherry,2019-08-31,4.85,47.83,Rural,42.98,2019.0,8.0,August
Puducherry,2019-09-30,0.0,43.34,Rural,43.34,2019.0,9.0,September
Puducherry,2019-10-31,1.18,44.85,Rural,43.67,2019.0,10.0,October
Puducherry,2019-11-30,0.0,35.0,Rural,35.0,2019.0,11.0,November
Puducherry,2019-12-31,1.99,45.07,Rural,43.08,2019.0,12.0,December
Puducherry,2020-01-31,0.58,43.18,Rural,42.6,2020.0,1.0,January
Puducherry,2020-02-29,1.74,45.38,Rural,43.64,2020.0,2.0,February
Puducherry,2020-03-31,2.31,35.23,Rural,32.919999999999995,2020.0,3.0,March
Puducherry,2020-04-30,74.51,46.79,Rural,-27.720000000000006,2020.0,4.0,April
Punjab,2019-05-31,9.17,44.79,Rural,35.62,2019.0,5.0,May
Punjab,2019-06-30,12.21,45.79,Rural,33.58,2019.0,6.0,June
Punjab,2019-07-31,9.64,46.5,Rural,36.86,2019.0,7.0,July
Punjab,2019-08-31,6.69,44.08,Rural,37.39,2019.0,8.0,August
Punjab,2019-09-30,8.59,45.49,Rural,36.900000000000006,2019.0,9.0,September
Punjab,2019-10-31,12.56,45.66,Rural,33.099999999999994,2019.0,10.0,October
Punjab,2019-11-30,7.07,45.55,Rural,38.48,2019.0,11.0,November
Punjab,2019-12-31,6.13,43.4,Rural,37.269999999999996,2019.0,12.0,December
Punjab,2020-01-31,9.69,45.22,Rural,35.53,2020.0,1.0,January
Punjab,2020-02-29,10.41,44.19,Rural,33.78,2020.0,2.0,February
Punjab,2020-03-31,10.51,46.85,Rural,36.34,2020.0,3.0,March
Punjab,2020-04-30,3.69,32.2,Rural,28.51,2020.0,4.0,April
Punjab,2020-05-31,40.59,41.14,Rural,0.5499999999999972,2020.0,5.0,May
Punjab,2020-06-30,20.0,43.9,Rural,23.9,2020.0,6.0,June
Rajasthan,2019-05-31,4.03,38.52,Rural,34.49,2019.0,5.0,May
Rajasthan,2019-06-30,13.7,41.02,Rural,27.320000000000004,2019.0,6.0,June
Rajasthan,2019-07-31,9.7,39.78,Rural,30.080000000000002,2019.0,7.0,July
Rajasthan,2019-08-31,12.5,41.48,Rural,28.979999999999997,2019.0,8.0,August
Rajasthan,2019-09-30,5.45,39.24,Rural,33.79,2019.0,9.0,September
Rajasthan,2019-10-31,14.66,42.69,Rural,28.029999999999998,2019.0,10.0,October
Rajasthan,2019-11-30,10.47,40.87,Rural,30.4,2019.0,11.0,November
Rajasthan,2019-12-31,13.96,43.0,Rural,29.04,2019.0,12.0,December
Rajasthan,2020-01-31,8.0,40.12,Rural,32.12,2020.0,1.0,January
Rajasthan,2020-02-29,14.48,41.83,Rural,27.349999999999998,2020.0,2.0,February
Rajasthan,2020-03-31,9.47,39.47,Rural,30.0,2020.0,3.0,March
Rajasthan,2020-04-30,12.25,35.21,Rural,22.96,2020.0,4.0,April
Rajasthan,2020-05-31,10.45,41.11,Rural,30.66,2020.0,5.0,May
Rajasthan,2020-06-30,13.86,43.98,Rural,30.119999999999997,2020.0,6.0,June
Sikkim,2019-10-31,5.48,44.06,Rural,38.58,2019.0,10.0,October
Sikkim,2019-11-30,13.11,53.04,Rural,39.93,2019.0,11.0,November
Sikkim,2019-12-31,1.0,46.3,Rural,45.3,2019.0,12.0,December
Sikkim,2020-04-30,0.0,37.72,Rural,37.72,2020.0,4.0,April
Sikkim,2020-06-30,5.81,42.36,Rural,36.55,2020.0,6.0,June
Tamil Nadu,2019-05-31,0.97,49.44,Rural,48.47,2019.0,5.0,May
Tamil Nadu,2019-06-30,0.92,50.99,Rural,50.07,2019.0,6.0,June
Tamil Nadu,2019-07-31,6.01,53.94,Rural,47.93,2019.0,7.0,July
Tamil Nadu,2019-08-31,2.91,52.17,Rural,49.260000000000005,2019.0,8.0,August
Tamil Nadu,2019-09-30,1.71,45.62,Rural,43.91,2019.0,9.0,September
Tamil Nadu,2019-10-31,1.46,48.55,Rural,47.089999999999996,2019.0,10.0,October
Tamil Nadu,2019-11-30,2.46,50.95,Rural,48.49,2019.0,11.0,November
Tamil Nadu,2019-12-31,3.73,48.8,Rural,45.07,2019.0,12.0,December
Tamil Nadu,2020-01-31,1.18,46.23,Rural,45.05,2020.0,1.0,January
Tamil Nadu,2020-02-29,1.17,48.86,Rural,47.69,2020.0,2.0,February
Tamil Nadu,2020-03-31,6.36,51.56,Rural,45.2,2020.0,3.0,March
Tamil Nadu,2020-04-30,53.19,33.05,Rural,-20.14,2020.0,4.0,April
Tamil Nadu,2020-05-31,38.73,28.6,Rural,-10.129999999999995,2020.0,5.0,May
Tamil Nadu,2020-06-30,2.06,31.49,Rural,29.43,2020.0,6.0,June
Telangana,2019-05-31,2.23,61.74,Rural,59.510000000000005,2019.0,5.0,May
Telangana,2019-06-30,5.92,62.19,Rural,56.269999999999996,2019.0,6.0,June
Telangana,2019-07-31,2.45,64.4,Rural,61.95,2019.0,7.0,July
Telangana,2019-08-31,1.4,59.23,Rural,57.83,2019.0,8.0,August
Telangana,2019-09-30,5.49,72.57,Rural,67.08,2019.0,9.0,September
Telangana,2019-10-31,7.29,66.49,Rural,59.199999999999996,2019.0,10.0,October
Telangana,2019-11-30,6.47,65.17,Rural,58.7,2019.0,11.0,November
Telangana,2019-12-31,1.35,60.61,Rural,59.26,2019.0,12.0,December
Telangana,2020-01-31,5.02,68.51,Rural,63.49000000000001,2020.0,1.0,January
Telangana,2020-02-29,9.02,66.92,Rural,57.900000000000006,2020.0,2.0,February
Telangana,2020-03-31,5.63,68.53,Rural,62.9,2020.0,3.0,March
Telangana,2020-04-30,4.51,49.44,Rural,44.93,2020.0,4.0,April
Telangana,2020-05-31,34.01,61.0,Rural,26.990000000000002,2020.0,5.0,May
Telangana,2020-06-30,19.3,58.97,Rural,39.67,2020.0,6.0,June
Tripura,2019-05-31,29.25,64.47,Rural,35.22,2019.0,5.0,May
Tripura,2019-06-30,26.64,67.4,Rural,40.760000000000005,2019.0,6.0,June
Tripura,2019-07-31,22.47,60.54,Rural,38.07,2019.0,7.0,July
Tripura,2019-08-31,25.49,58.29,Rural,32.8,2019.0,8.0,August
Tripura,2019-09-30,30.23,65.9,Rural,35.67,2019.0,9.0,September
Tripura,2019-10-31,27.54,68.21,Rural,40.669999999999995,2019.0,10.0,October
Tripura,2019-11-30,25.25,64.29,Rural,39.040000000000006,2019.0,11.0,November
Tripura,2019-12-31,26.53,63.02,Rural,36.49,2019.0,12.0,December
Tripura,2020-01-31,31.91,68.61,Rural,36.7,2020.0,1.0,January
Tripura,2020-02-29,26.22,69.88,Rural,43.66,2020.0,2.0,February
Tripura,2020-03-31,31.61,68.28,Rural,36.67,2020.0,3.0,March
Tripura,2020-04-30,43.64,52.63,Rural,8.990000000000002,2020.0,4.0,April
Tripura,2020-05-31,14.71,46.9,Rural,32.19,2020.0,5.0,May
Tripura,2020-06-30,18.84,59.74,Rural,40.900000000000006,2020.0,6.0,June
Uttar Pradesh,2019-05-31,10.26,39.96,Rural,29.700000000000003,2019.0,5.0,May
Uttar Pradesh,2019-06-30,11.13,39.32,Rural,28.189999999999998,2019.0,6.0,June
Uttar Pradesh,2019-07-31,9.19,38.78,Rural,29.590000000000003,2019.0,7.0,July
Uttar Pradesh,2019-08-31,11.47,40.24,Rural,28.770000000000003,2019.0,8.0,August
Uttar Pradesh,2019-09-30,6.45,38.79,Rural,32.339999999999996,2019.0,9.0,September
Uttar Pradesh,2019-10-31,10.18,39.07,Rural,28.89,2019.0,10.0,October
Uttar Pradesh,2019-11-30,6.94,38.01,Rural,31.069999999999997,2019.0,11.0,November
Uttar Pradesh,2019-12-31,8.43,39.77,Rural,31.340000000000003,2019.0,12.0,December
Uttar Pradesh,2020-01-31,6.06,39.67,Rural,33.61,2020.0,1.0,January
Uttar Pradesh,2020-02-29,8.12,39.13,Rural,31.010000000000005,2020.0,2.0,February
Uttar Pradesh,2020-03-31,9.37,38.53,Rural,29.160000000000004,2020.0,3.0,March
Uttar Pradesh,2020-04-30,19.92,40.37,Rural,20.449999999999996,2020.0,4.0,April
Uttar Pradesh,2020-05-31,16.89,37.52,Rural,20.630000000000003,2020.0,5.0,May
Uttar Pradesh,2020-06-30,8.51,36.89,Rural,28.380000000000003,2020.0,6.0,June
Uttarakhand,2019-05-31,1.63,37.47,Rural,35.839999999999996,2019.0,5.0,May
Uttarakhand,2019-06-30,4.65,37.01,Rural,32.36,2019.0,6.0,June
Uttarakhand,2019-07-31,5.74,36.97,Rural,31.229999999999997,2019.0,7.0,July
Uttarakhand,2019-08-31,6.11,35.39,Rural,29.28,2019.0,8.0,August
Uttarakhand,2019-09-30,3.47,38.79,Rural,35.32,2019.0,9.0,September
Uttarakhand,2019-10-31,4.83,36.9,Rural,32.07,2019.0,10.0,October
Uttarakhand,2019-11-30,5.56,36.73,Rural,31.169999999999998,2019.0,11.0,November
Uttarakhand,2019-12-31,4.52,35.19,Rural,30.669999999999998,2019.0,12.0,December
Uttarakhand,2020-01-31,4.17,35.69,Rural,31.519999999999996,2020.0,1.0,January
Uttarakhand,2020-02-29,4.85,37.16,Rural,32.309999999999995,2020.0,2.0,February
Uttarakhand,2020-04-30,3.66,35.04,Rural,31.38,2020.0,4.0,April
Uttarakhand,2020-05-31,3.57,33.94,Rural,30.369999999999997,2020.0,5.0,May
Uttarakhand,2020-06-30,10.71,32.0,Rural,21.29,2020.0,6.0,June
West Bengal,2019-05-31,6.02,46.41,Rural,40.39,2019.0,5.0,May
West Bengal,2019-06-30,5.85,50.36,Rural,44.51,2019.0,6.0,June
West Bengal,2019-07-31,5.62,48.78,Rural,43.160000000000004,2019.0,7.0,July
West Bengal,2019-08-31,5.58,48.79,Rural,43.21,2019.0,8.0,August
West Bengal,2019-09-30,5.26,49.87,Rural,44.61,2019.0,9.0,September
West Bengal,2019-10-31,6.78,48.09,Rural,41.31,2019.0,10.0,October
West Bengal,2019-11-30,5.83,50.0,Rural,44.17,2019.0,11.0,November
West Bengal,2019-12-31,5.79,48.47,Rural,42.68,2019.0,12.0,December
West Bengal,2020-01-31,6.79,48.3,Rural,41.51,2020.0,1.0,January
West Bengal,2020-02-29,3.78,49.51,Rural,45.73,2020.0,2.0,February
West Bengal,2020-03-31,7.02,49.18,Rural,42.16,2020.0,3.0,March
West Bengal,2020-04-30,18.32,39.27,Rural,20.950000000000003,2020.0,4.0,April
West Bengal,2020-05-31,18.43,42.53,Rural,24.1,2020.0,5.0,May
West Bengal,2020-06-30,4.94,40.44,Rural,35.5,2020.0,6.0,June
Andhra Pradesh,2019-05-31,6.09,37.45,Urban,31.360000000000003,2019.0,5.0,May
Andhra Pradesh,2019-06-30,3.8,36.76,Urban,32.96,2019.0,6.0,June
Andhra Pradesh,2019-07-31,5.64,36.1,Urban,30.46,2019.0,7.0,July
Andhra Pradesh,2019-08-31,4.61,36.29,Urban,31.68,2019.0,8.0,August
Andhra Pradesh,2019-09-30,6.01,36.69,Urban,30.68,2019.0,9.0,September
Andhra Pradesh,2019-10-31,4.7,36.41,Urban,31.709999999999997,2019.0,10.0,October
Andhra Pradesh,2019-11-30,7.54,36.62,Urban,29.08,2019.0,11.0,November
Andhra Pradesh,2019-12-31,7.88,38.61,Urban,30.73,2019.0,12.0,December
Andhra Pradesh,2020-01-31,7.11,35.91,Urban,28.799999999999997,2020.0,1.0,January
Andhra Pradesh,2020-02-29,5.66,36.84,Urban,31.180000000000003,2020.0,2.0,February
Andhra Pradesh,2020-03-31,9.88,36.08,Urban,26.199999999999996,2020.0,3.0,March
Andhra Pradesh,2020-04-30,32.3,26.97,Urban,-5.329999999999998,2020.0,4.0,April
Andhra Pradesh,2020-05-31,24.91,32.69,Urban,7.779999999999998,2020.0,5.0,May
Andhra Pradesh,2020-06-30,5.86,37.61,Urban,31.75,2020.0,6.0,June
Assam,2019-05-31,7.87,44.92,Urban,37.050000000000004,2019.0,5.0,May
Assam,2019-06-30,9.89,45.17,Urban,35.28,2019.0,6.0,June
Assam,2019-07-31,3.21,44.32,Urban,41.11,2019.0,7.0,July
Assam,2019-08-31,10.39,43.81,Urban,33.42,2019.0,8.0,August
Assam,2019-09-30,9.26,42.66,Urban,33.4,2019.0,9.0,September
Assam,2019-10-31,11.17,44.01,Urban,32.839999999999996,2019.0,10.0,October
Assam,2019-11-30,6.31,44.59,Urban,38.28,2019.0,11.0,November
Assam,2019-12-31,5.02,44.26,Urban,39.239999999999995,2019.0,12.0,December
Assam,2020-01-31,7.24,42.82,Urban,35.58,2020.0,1.0,January
Assam,2020-02-29,9.98,43.9,Urban,33.92,2020.0,2.0,February
Assam,2020-03-31,10.34,45.03,Urban,34.69,2020.0,3.0,March
Assam,2020-04-30,8.37,38.45,Urban,30.080000000000005,2020.0,4.0,April
Assam,2020-05-31,10.77,39.04,Urban,28.27,2020.0,5.0,May
Assam,2020-06-30,3.42,38.73,Urban,35.309999999999995,2020.0,6.0,June
Bihar,2019-05-31,19.9,39.8,Urban,19.9,2019.0,5.0,May
Bihar,2019-06-30,13.29,39.35,Urban,26.060000000000002,2019.0,6.0,June
Bihar,2019-07-31,16.41,38.36,Urban,21.95,2019.0,7.0,July
Bihar,2019-08-31,17.66,38.03,Urban,20.37,2019.0,8.0,August
Bihar,2019-09-30,20.46,39.25,Urban,18.79,2019.0,9.0,September
Bihar,2019-10-31,14.06,38.45,Urban,24.39,2019.0,10.0,October
Bihar,2019-11-30,17.62,38.86,Urban,21.24,2019.0,11.0,November
Bihar,2019-12-31,14.91,36.29,Urban,21.38,2019.0,12.0,December
Bihar,2020-01-31,20.69,38.99,Urban,18.3,2020.0,1.0,January
Bihar,2020-02-29,15.11,37.87,Urban,22.759999999999998,2020.0,2.0,February
Bihar,2020-03-31,15.73,37.29,Urban,21.56,2020.0,3.0,March
Bihar,2020-04-30,58.77,34.94,Urban,-23.830000000000005,2020.0,4.0,April
Bihar,2020-05-31,37.87,36.45,Urban,-1.4199999999999946,2020.0,5.0,May
Bihar,2020-06-30,12.45,36.54,Urban,24.09,2020.0,6.0,June
Chandigarh,2019-05-31,18.35,44.89,Urban,26.54,2019.0,5.0,May
Chandigarh,2019-06-30,12.4,40.44,Urban,28.04,2019.0,6.0,June
Chandigarh,2019-07-31,21.8,39.47,Urban,17.669999999999998,2019.0,7.0,July
Chandigarh,2019-08-31,9.52,37.95,Urban,28.430000000000003,2019.0,8.0,August
Chandigarh,2019-09-30,20.14,42.77,Urban,22.630000000000003,2019.0,9.0,September
Chandigarh,2019-10-31,13.99,40.06,Urban,26.07,2019.0,10.0,October
Chandigarh,2019-11-30,22.05,38.6,Urban,16.55,2019.0,11.0,November
Chandigarh,2019-12-31,8.33,35.19,Urban,26.86,2019.0,12.0,December
Chandigarh,2020-01-31,20.0,42.94,Urban,22.939999999999998,2020.0,1.0,January
Chandigarh,2020-02-29,16.67,39.25,Urban,22.58,2020.0,2.0,February
Chandigarh,2020-03-31,21.43,36.68,Urban,15.25,2020.0,3.0,March
Chandigarh,2020-06-30,7.22,33.8,Urban,26.58,2020.0,6.0,June
Chhattisgarh,2019-05-31,9.77,45.61,Urban,35.84,2019.0,5.0,May
Chhattisgarh,2019-06-30,11.77,45.88,Urban,34.11,2019.0,6.0,June
Chhattisgarh,2019-07-31,8.17,45.85,Urban,37.68,2019.0,7.0,July
Chhattisgarh,2019-08-31,6.29,46.91,Urban,40.62,2019.0,8.0,August
Chhattisgarh,2019-09-30,9.46,46.8,Urban,37.339999999999996,2019.0,9.0,September
Chhattisgarh,2019-10-31,10.27,46.82,Urban,36.55,2019.0,10.0,October
Chhattisgarh,2019-11-30,8.32,46.59,Urban,38.27,2019.0,11.0,November
Chhattisgarh,2019-12-31,3.57,45.59,Urban,42.02,2019.0,12.0,December
Chhattisgarh,2020-01-31,9.01,46.21,Urban,37.2,2020.0,1.0,January
Chhattisgarh,2020-02-29,9.79,47.14,Urban,37.35,2020.0,2.0,February
Chhattisgarh,2020-03-31,8.21,47.39,Urban,39.18,2020.0,3.0,March
Chhattisgarh,2020-04-30,20.13,24.06,Urban,3.9299999999999997,2020.0,4.0,April
Chhattisgarh,2020-05-31,24.1,30.24,Urban,6.139999999999997,2020.0,5.0,May
Chhattisgarh,2020-06-30,27.07,39.41,Urban,12.339999999999996,2020.0,6.0,June
Delhi,2019-05-31,12.31,44.17,Urban,31.86,2019.0,5.0,May
Delhi,2019-06-30,12.76,42.71,Urban,29.950000000000003,2019.0,6.0,June
Delhi,2019-07-31,14.68,42.34,Urban,27.660000000000004,2019.0,7.0,July
Delhi,2019-08-31,13.52,42.9,Urban,29.38,2019.0,8.0,August
Delhi,2019-09-30,20.59,47.36,Urban,26.77,2019.0,9.0,September
Delhi,2019-10-31,12.41,45.78,Urban,33.370000000000005,2019.0,10.0,October
Delhi,2019-11-30,16.11,43.02,Urban,26.910000000000004,2019.0,11.0,November
Delhi,2019-12-31,11.07,42.56,Urban,31.490000000000002,2019.0,12.0,December
Delhi,2020-01-31,22.45,48.09,Urban,25.640000000000004,2020.0,1.0,January
Delhi,2020-02-29,14.86,44.18,Urban,29.32,2020.0,2.0,February
Delhi,2020-03-31,17.09,42.82,Urban,25.73,2020.0,3.0,March
Delhi,2020-04-30,16.51,23.59,Urban,7.079999999999998,2020.0,4.0,April
Delhi,2020-05-31,45.78,28.28,Urban,-17.5,2020.0,5.0,May
Delhi,2020-06-30,18.11,34.32,Urban,16.21,2020.0,6.0,June
Goa,2019-05-31,2.75,34.17,Urban,31.42,2019.0,5.0,May
Goa,2019-06-30,13.33,43.96,Urban,30.630000000000003,2019.0,6.0,June
Goa,2019-07-31,12.28,40.0,Urban,27.72,2019.0,7.0,July
Goa,2019-08-31,4.9,31.97,Urban,27.07,2019.0,8.0,August
Goa,2019-09-30,3.16,39.92,Urban,36.760000000000005,2019.0,9.0,September
Goa,2019-10-31,12.31,41.27,Urban,28.96,2019.0,10.0,October
Goa,2019-11-30,25.2,45.22,Urban,20.02,2019.0,11.0,November
Goa,2019-12-31,16.22,42.77,Urban,26.550000000000004,2019.0,12.0,December
Goa,2020-01-31,10.92,35.95,Urban,25.03,2020.0,1.0,January
Goa,2020-02-29,4.31,39.73,Urban,35.419999999999995,2020.0,2.0,February
Goa,2020-03-31,4.76,36.05,Urban,31.29,2020.0,3.0,March
Goa,2020-04-30,11.76,44.74,Urban,32.980000000000004,2020.0,4.0,April
Gujarat,2019-05-31,4.09,41.67,Urban,37.58,2019.0,5.0,May
Gujarat,2019-06-30,6.31,44.57,Urban,38.26,2019.0,6.0,June
Gujarat,2019-07-31,5.15,42.54,Urban,37.39,2019.0,7.0,July
Gujarat,2019-08-31,4.2,43.72,Urban,39.519999999999996,2019.0,8.0,August
Gujarat,2019-09-30,5.96,41.75,Urban,35.79,2019.0,9.0,September
Gujarat,2019-10-31,5.45,45.14,Urban,39.69,2019.0,10.0,October
Gujarat,2019-11-30,7.53,43.5,Urban,35.97,2019.0,11.0,November
Gujarat,2019-12-31,5.71,43.75,Urban,38.04,2019.0,12.0,December
Gujarat,2020-01-31,5.82,42.19,Urban,36.37,2020.0,1.0,January
Gujarat,2020-02-29,6.04,46.31,Urban,40.27,2020.0,2.0,February
Gujarat,2020-03-31,5.39,42.9,Urban,37.51,2020.0,3.0,March
Gujarat,2020-04-30,25.94,36.33,Urban,10.389999999999997,2020.0,4.0,April
Gujarat,2020-05-31,11.62,27.52,Urban,15.9,2020.0,5.0,May
Gujarat,2020-06-30,4.54,44.26,Urban,39.72,2020.0,6.0,June
Haryana,2019-05-31,24.67,43.18,Urban,18.509999999999998,2019.0,5.0,May
Haryana,2019-06-30,20.42,43.06,Urban,22.64,2019.0,6.0,June
Haryana,2019-07-31,25.45,38.77,Urban,13.320000000000004,2019.0,7.0,July
Haryana,2019-08-31,24.19,39.87,Urban,15.679999999999996,2019.0,8.0,August
Haryana,2019-09-30,26.84,43.7,Urban,16.860000000000003,2019.0,9.0,September
Haryana,2019-10-31,21.04,42.58,Urban,21.54,2019.0,10.0,October
Haryana,2019-11-30,27.06,39.18,Urban,12.120000000000001,2019.0,11.0,November
Haryana,2019-12-31,23.65,39.57,Urban,15.920000000000002,2019.0,12.0,December
Haryana,2020-01-31,27.24,42.75,Urban,15.510000000000002,2020.0,1.0,January
Haryana,2020-02-29,23.29,42.32,Urban,19.03,2020.0,2.0,February
Haryana,2020-03-31,27.14,36.73,Urban,9.589999999999996,2020.0,3.0,March
Haryana,2020-04-30,46.89,35.48,Urban,-11.410000000000004,2020.0,4.0,April
Haryana,2020-05-31,38.46,38.27,Urban,-0.18999999999999773,2020.0,5.0,May
Haryana,2020-06-30,29.41,38.09,Urban,8.680000000000003,2020.0,6.0,June
Himachal Pradesh,2019-05-31,10.88,45.27,Urban,34.39,2019.0,5.0,May
Himachal Pradesh,2019-06-30,21.43,49.58,Urban,28.15,2019.0,6.0,June
Himachal Pradesh,2019-07-31,21.51,49.22,Urban,27.709999999999997,2019.0,7.0,July
Himachal Pradesh,2019-08-31,24.48,51.17,Urban,26.69,2019.0,8.0,August
Himachal Pradesh,2019-09-30,12.0,45.87,Urban,33.87,2019.0,9.0,September
Himachal Pradesh,2019-10-31,23.77,49.69,Urban,25.919999999999998,2019.0,10.0,October
Himachal Pradesh,2019-11-30,27.27,52.17,Urban,24.900000000000002,2019.0,11.0,November
Himachal Pradesh,2019-12-31,25.32,52.55,Urban,27.229999999999997,2019.0,12.0,December
Himachal Pradesh,2020-01-31,18.15,48.92,Urban,30.770000000000003,2020.0,1.0,January
Himachal Pradesh,2020-02-29,27.31,50.82,Urban,23.51,2020.0,2.0,February
Himachal Pradesh,2020-03-31,26.44,48.74,Urban,22.3,2020.0,3.0,March
Himachal Pradesh,2020-04-30,2.7,24.42,Urban,21.720000000000002,2020.0,4.0,April
Himachal Pradesh,2020-05-31,50.0,43.55,Urban,-6.450000000000003,2020.0,5.0,May
Himachal Pradesh,2020-06-30,10.81,40.66,Urban,29.849999999999994,2020.0,6.0,June
Jammu & Kashmir,2019-05-31,23.04,46.74,Urban,23.700000000000003,2019.0,5.0,May
Jammu & Kashmir,2019-06-30,19.88,45.17,Urban,25.290000000000003,2019.0,6.0,June
Jammu & Kashmir,2019-07-31,21.55,47.8,Urban,26.249999999999996,2019.0,7.0,July
Jammu & Kashmir,2019-10-31,24.06,42.63,Urban,18.570000000000004,2019.0,10.0,October
Jammu & Kashmir,2019-11-30,14.29,44.92,Urban,30.630000000000003,2019.0,11.0,November
Jammu & Kashmir,2019-12-31,7.02,40.71,Urban,33.69,2019.0,12.0,December
Jammu & Kashmir,2020-01-31,18.54,41.4,Urban,22.86,2020.0,1.0,January
Jammu & Kashmir,2020-02-29,19.86,41.23,Urban,21.369999999999997,2020.0,2.0,February
Jammu & Kashmir,2020-03-31,14.29,36.21,Urban,21.92,2020.0,3.0,March
Jammu & Kashmir,2020-05-31,12.96,33.33,Urban,20.369999999999997,2020.0,5.0,May
Jharkhand,2019-05-31,17.23,43.25,Urban,26.02,2019.0,5.0,May
Jharkhand,2019-06-30,20.51,43.51,Urban,22.999999999999996,2019.0,6.0,June
Jharkhand,2019-07-31,15.67,42.82,Urban,27.15,2019.0,7.0,July
Jharkhand,2019-08-31,20.25,43.35,Urban,23.1,2019.0,8.0,August
Jharkhand,2019-09-30,21.16,44.18,Urban,23.02,2019.0,9.0,September
Jharkhand,2019-10-31,19.05,44.82,Urban,25.77,2019.0,10.0,October
Jharkhand,2019-11-30,17.34,43.17,Urban,25.830000000000002,2019.0,11.0,November
Jharkhand,2019-12-31,22.01,43.14,Urban,21.13,2019.0,12.0,December
Jharkhand,2020-01-31,22.96,44.33,Urban,21.369999999999997,2020.0,1.0,January
Jharkhand,2020-02-29,19.67,45.42,Urban,25.75,2020.0,2.0,February
Jharkhand,2020-03-31,16.4,43.34,Urban,26.940000000000005,2020.0,3.0,March
Jharkhand,2020-04-30,61.48,39.92,Urban,-21.559999999999995,2020.0,4.0,April
Jharkhand,2020-05-31,70.17,40.49,Urban,-29.68,2020.0,5.0,May
Jharkhand,2020-06-30,19.38,40.43,Urban,21.05,2020.0,6.0,June
Karnataka,2019-05-31,6.56,40.62,Urban,34.059999999999995,2019.0,5.0,May
Karnataka,2019-06-30,5.0,40.89,Urban,35.89,2019.0,6.0,June
Karnataka,2019-07-31,2.29,39.09,Urban,36.800000000000004,2019.0,7.0,July
Karnataka,2019-08-31,1.27,38.04,Urban,36.769999999999996,2019.0,8.0,August
Karnataka,2019-09-30,3.57,39.0,Urban,35.43,2019.0,9.0,September
Karnataka,2019-10-31,3.87,39.7,Urban,35.830000000000005,2019.0,10.0,October
Karnataka,2019-11-30,3.44,38.6,Urban,35.160000000000004,2019.0,11.0,November
Karnataka,2019-12-31,1.56,37.66,Urban,36.099999999999994,2019.0,12.0,December
Karnataka,2020-01-31,3.31,38.94,Urban,35.629999999999995,2020.0,1.0,January
Karnataka,2020-02-29,2.88,39.45,Urban,36.57,2020.0,2.0,February
Karnataka,2020-03-31,4.92,41.55,Urban,36.629999999999995,2020.0,3.0,March
Karnataka,2020-04-30,25.12,42.14,Urban,17.02,2020.0,4.0,April
Karnataka,2020-05-31,15.88,43.9,Urban,28.019999999999996,2020.0,5.0,May
Karnataka,2020-06-30,6.12,39.93,Urban,33.81,2020.0,6.0,June
Kerala,2019-05-31,6.11,36.65,Urban,30.54,2019.0,5.0,May
Kerala,2019-06-30,6.67,37.42,Urban,30.75,2019.0,6.0,June
Kerala,2019-07-31,7.58,33.13,Urban,25.550000000000004,2019.0,7.0,July
Kerala,2019-08-31,7.69,35.91,Urban,28.219999999999995,2019.0,8.0,August
Kerala,2019-09-30,5.52,36.57,Urban,31.05,2019.0,9.0,September
Kerala,2019-10-31,5.35,36.49,Urban,31.14,2019.0,10.0,October
Kerala,2019-11-30,6.71,32.36,Urban,25.65,2019.0,11.0,November
Kerala,2019-12-31,7.31,35.56,Urban,28.250000000000004,2019.0,12.0,December
Kerala,2020-01-31,6.65,36.53,Urban,29.880000000000003,2020.0,1.0,January
Kerala,2020-02-29,6.08,36.48,Urban,30.4,2020.0,2.0,February
Kerala,2020-03-31,9.14,33.24,Urban,24.1,2020.0,3.0,March
Kerala,2020-04-30,21.43,20.51,Urban,-0.9199999999999982,2020.0,4.0,April
Kerala,2020-05-31,30.28,29.95,Urban,-0.33000000000000185,2020.0,5.0,May
Kerala,2020-06-30,12.17,38.68,Urban,26.509999999999998,2020.0,6.0,June
Madhya Pradesh,2019-05-31,3.91,38.96,Urban,35.05,2019.0,5.0,May
Madhya Pradesh,2019-06-30,6.38,38.8,Urban,32.419999999999995,2019.0,6.0,June
Madhya Pradesh,2019-07-31,7.38,37.67,Urban,30.290000000000003,2019.0,7.0,July
Madhya Pradesh,2019-08-31,6.82,40.6,Urban,33.78,2019.0,8.0,August
Madhya Pradesh,2019-09-30,7.0,39.67,Urban,32.67,2019.0,9.0,September
Madhya Pradesh,2019-10-31,4.4,38.2,Urban,33.800000000000004,2019.0,10.0,October
Madhya Pradesh,2019-11-30,6.06,37.94,Urban,31.88,2019.0,11.0,November
Madhya Pradesh,2019-12-31,6.2,39.83,Urban,33.629999999999995,2019.0,12.0,December
Madhya Pradesh,2020-01-31,5.17,39.59,Urban,34.42,2020.0,1.0,January
Madhya Pradesh,2020-02-29,4.96,37.68,Urban,32.72,2020.0,2.0,February
Madhya Pradesh,2020-03-31,4.8,36.68,Urban,31.88,2020.0,3.0,March
Madhya Pradesh,2020-04-30,11.94,29.76,Urban,17.82,2020.0,4.0,April
Madhya Pradesh,2020-05-31,40.49,35.49,Urban,-5.0,2020.0,5.0,May
Madhya Pradesh,2020-06-30,12.72,38.72,Urban,26.0,2020.0,6.0,June
Maharashtra,2019-05-31,6.08,38.3,Urban,32.22,2019.0,5.0,May
Maharashtra,2019-06-30,6.46,39.3,Urban,32.839999999999996,2019.0,6.0,June
Maharashtra,2019-07-31,6.35,38.81,Urban,32.46,2019.0,7.0,July
Maharashtra,2019-08-31,7.57,37.84,Urban,30.270000000000003,2019.0,8.0,August
Maharashtra,2019-09-30,7.6,39.58,Urban,31.979999999999997,2019.0,9.0,September
Maharashtra,2019-10-31,7.51,39.05,Urban,31.54,2019.0,10.0,October
Maharashtra,2019-11-30,7.6,39.61,Urban,32.01,2019.0,11.0,November
Maharashtra,2019-12-31,7.83,37.57,Urban,29.740000000000002,2019.0,12.0,December
Maharashtra,2020-01-31,6.67,37.32,Urban,30.65,2020.0,1.0,January
Maharashtra,2020-02-29,5.34,37.61,Urban,32.269999999999996,2020.0,2.0,February
Maharashtra,2020-03-31,6.34,37.8,Urban,31.459999999999997,2020.0,3.0,March
Maharashtra,2020-04-30,14.99,30.86,Urban,15.87,2020.0,4.0,April
Maharashtra,2020-05-31,15.92,30.38,Urban,14.459999999999999,2020.0,5.0,May
Maharashtra,2020-06-30,10.01,37.04,Urban,27.03,2020.0,6.0,June
Meghalaya,2019-05-31,8.4,47.79,Urban,39.39,2019.0,5.0,May
Meghalaya,2019-06-30,8.66,48.29,Urban,39.629999999999995,2019.0,6.0,June
Meghalaya,2019-07-31,4.43,56.55,Urban,52.12,2019.0,7.0,July
Meghalaya,2019-08-31,5.8,52.27,Urban,46.470000000000006,2019.0,8.0,August
Meghalaya,2019-09-30,5.3,50.77,Urban,45.470000000000006,2019.0,9.0,September
Meghalaya,2019-10-31,7.2,47.71,Urban,40.51,2019.0,10.0,October
Meghalaya,2019-11-30,3.02,57.02,Urban,54.0,2019.0,11.0,November
Meghalaya,2019-12-31,5.21,53.04,Urban,47.83,2019.0,12.0,December
Meghalaya,2020-01-31,4.76,51.53,Urban,46.77,2020.0,1.0,January
Meghalaya,2020-02-29,7.37,47.26,Urban,39.89,2020.0,2.0,February
Meghalaya,2020-03-31,2.8,55.64,Urban,52.84,2020.0,3.0,March
Meghalaya,2020-04-30,17.39,36.51,Urban,19.119999999999997,2020.0,4.0,April
Meghalaya,2020-05-31,14.58,48.48,Urban,33.9,2020.0,5.0,May
Odisha,2019-05-31,2.95,41.26,Urban,38.309999999999995,2019.0,5.0,May
Odisha,2019-06-30,2.63,38.39,Urban,35.76,2019.0,6.0,June
Odisha,2019-07-31,1.78,40.99,Urban,39.21,2019.0,7.0,July
Odisha,2019-08-31,3.5,40.25,Urban,36.75,2019.0,8.0,August
Odisha,2019-09-30,3.78,42.15,Urban,38.37,2019.0,9.0,September
Odisha,2019-10-31,4.5,40.51,Urban,36.01,2019.0,10.0,October
Odisha,2019-11-30,2.23,41.71,Urban,39.480000000000004,2019.0,11.0,November
Odisha,2019-12-31,3.36,38.46,Urban,35.1,2019.0,12.0,December
Odisha,2020-01-31,2.28,41.05,Urban,38.769999999999996,2020.0,1.0,January
Odisha,2020-02-29,2.19,38.97,Urban,36.78,2020.0,2.0,February
Odisha,2020-03-31,3.96,39.93,Urban,35.97,2020.0,3.0,March
Odisha,2020-04-30,20.5,25.53,Urban,5.030000000000001,2020.0,4.0,April
Odisha,2020-05-31,10.0,34.12,Urban,24.119999999999997,2020.0,5.0,May
Odisha,2020-06-30,2.18,35.24,Urban,33.06,2020.0,6.0,June
Puducherry,2019-05-31,1.25,35.71,Urban,34.46,2019.0,5.0,May
Puducherry,2019-06-30,0.0,37.73,Urban,37.73,2019.0,6.0,June
Puducherry,2019-07-31,0.0,34.77,Urban,34.77,2019.0,7.0,July
Puducherry,2019-08-31,8.95,42.41,Urban,33.459999999999994,2019.0,8.0,August
Puducherry,2019-09-30,1.22,35.73,Urban,34.51,2019.0,9.0,September
Puducherry,2019-10-31,1.17,38.86,Urban,37.69,2019.0,10.0,October
Puducherry,2019-11-30,1.37,34.19,Urban,32.82,2019.0,11.0,November
Puducherry,2019-12-31,5.21,40.42,Urban,35.21,2019.0,12.0,December
Puducherry,2020-01-31,0.57,34.59,Urban,34.02,2020.0,1.0,January
Puducherry,2020-02-29,1.78,38.5,Urban,36.72,2020.0,2.0,February
Puducherry,2020-03-31,0.62,34.12,Urban,33.5,2020.0,3.0,March
Puducherry,2020-04-30,76.74,35.54,Urban,-41.199999999999996,2020.0,4.0,April
Puducherry,2020-05-31,75.0,31.25,Urban,-43.75,2020.0,5.0,May
Puducherry,2020-06-30,4.55,29.73,Urban,25.18,2020.0,6.0,June
Punjab,2019-05-31,13.49,40.03,Urban,26.54,2019.0,5.0,May
Punjab,2019-06-30,13.17,40.02,Urban,26.85,2019.0,6.0,June
Punjab,2019-07-31,11.61,42.62,Urban,31.009999999999998,2019.0,7.0,July
Punjab,2019-08-31,11.99,41.61,Urban,29.619999999999997,2019.0,8.0,August
Punjab,2019-09-30,15.69,39.97,Urban,24.28,2019.0,9.0,September
Punjab,2019-10-31,13.75,37.1,Urban,23.35,2019.0,10.0,October
Punjab,2019-11-30,10.39,41.82,Urban,31.43,2019.0,11.0,November
Punjab,2019-12-31,11.97,42.17,Urban,30.200000000000003,2019.0,12.0,December
Punjab,2020-01-31,13.68,39.04,Urban,25.36,2020.0,1.0,January
Punjab,2020-02-29,11.99,37.82,Urban,25.83,2020.0,2.0,February
Punjab,2020-03-31,9.97,41.29,Urban,31.32,2020.0,3.0,March
Punjab,2020-04-30,1.13,23.95,Urban,22.82,2020.0,4.0,April
Punjab,2020-05-31,20.54,34.71,Urban,14.170000000000002,2020.0,5.0,May
Punjab,2020-06-30,10.55,34.96,Urban,24.41,2020.0,6.0,June
Rajasthan,2019-05-31,13.62,39.44,Urban,25.82,2019.0,5.0,May
Rajasthan,2019-06-30,14.36,40.73,Urban,26.369999999999997,2019.0,6.0,June
Rajasthan,2019-07-31,11.67,40.38,Urban,28.71,2019.0,7.0,July
Rajasthan,2019-08-31,14.71,40.34,Urban,25.630000000000003,2019.0,8.0,August
Rajasthan,2019-09-30,12.63,39.15,Urban,26.519999999999996,2019.0,9.0,September
Rajasthan,2019-10-31,13.02,40.8,Urban,27.779999999999998,2019.0,10.0,October
Rajasthan,2019-11-30,14.3,40.73,Urban,26.429999999999996,2019.0,11.0,November
Rajasthan,2019-12-31,18.04,40.9,Urban,22.86,2019.0,12.0,December
Rajasthan,2020-01-31,18.82,41.59,Urban,22.770000000000003,2020.0,1.0,January
Rajasthan,2020-02-29,17.02,41.62,Urban,24.599999999999998,2020.0,2.0,February
Rajasthan,2020-03-31,18.54,39.71,Urban,21.17,2020.0,3.0,March
Rajasthan,2020-04-30,35.53,29.57,Urban,-5.960000000000001,2020.0,4.0,April
Rajasthan,2020-05-31,25.35,36.71,Urban,11.36,2020.0,5.0,May
Rajasthan,2020-06-30,13.04,39.26,Urban,26.22,2020.0,6.0,June
Sikkim,2019-05-31,8.2,48.61,Urban,40.41,2019.0,5.0,May
Sikkim,2019-06-30,7.76,48.13,Urban,40.370000000000005,2019.0,6.0,June
Sikkim,2019-07-31,2.56,54.67,Urban,52.11,2019.0,7.0,July
Sikkim,2019-08-31,4.82,46.63,Urban,41.81,2019.0,8.0,August
Sikkim,2019-09-30,4.81,45.61,Urban,40.8,2019.0,9.0,September
Sikkim,2019-10-31,9.68,46.97,Urban,37.29,2019.0,10.0,October
Sikkim,2019-11-30,4.04,53.8,Urban,49.76,2019.0,11.0,November
Sikkim,2019-12-31,7.37,45.24,Urban,37.870000000000005,2019.0,12.0,December
Sikkim,2020-03-31,20.45,50.57,Urban,30.12,2020.0,3.0,March
Sikkim,2020-04-30,5.77,40.31,Urban,34.540000000000006,2020.0,4.0,April
Sikkim,2020-05-31,19.75,43.32,Urban,23.57,2020.0,5.0,May
Sikkim,2020-06-30,2.63,35.85,Urban,33.22,2020.0,6.0,June
Tamil Nadu,2019-05-31,0.89,37.31,Urban,36.42,2019.0,5.0,May
Tamil Nadu,2019-06-30,1.56,39.16,Urban,37.599999999999994,2019.0,6.0,June
Tamil Nadu,2019-07-31,3.18,38.89,Urban,35.71,2019.0,7.0,July
Tamil Nadu,2019-08-31,9.53,41.13,Urban,31.6,2019.0,8.0,August
Tamil Nadu,2019-09-30,1.86,37.76,Urban,35.9,2019.0,9.0,September
Tamil Nadu,2019-10-31,1.13,38.42,Urban,37.29,2019.0,10.0,October
Tamil Nadu,2019-11-30,2.65,37.38,Urban,34.730000000000004,2019.0,11.0,November
Tamil Nadu,2019-12-31,8.05,41.29,Urban,33.239999999999995,2019.0,12.0,December
Tamil Nadu,2020-01-31,2.05,37.64,Urban,35.59,2020.0,1.0,January
Tamil Nadu,2020-02-29,3.31,37.48,Urban,34.169999999999995,2020.0,2.0,February
Tamil Nadu,2020-03-31,6.46,36.17,Urban,29.71,2020.0,3.0,March
Tamil Nadu,2020-04-30,45.55,26.17,Urban,-19.379999999999995,2020.0,4.0,April
Tamil Nadu,2020-05-31,25.95,23.77,Urban,-2.1799999999999997,2020.0,5.0,May
Tamil Nadu,2020-06-30,24.93,31.6,Urban,6.670000000000002,2020.0,6.0,June
Telangana,2019-05-31,1.52,44.59,Urban,43.07,2019.0,5.0,May
Telangana,2019-06-30,1.43,45.43,Urban,44.0,2019.0,6.0,June
Telangana,2019-07-31,3.73,44.36,Urban,40.63,2019.0,7.0,July
Telangana,2019-08-31,4.19,45.39,Urban,41.2,2019.0,8.0,August
Telangana,2019-09-30,6.19,47.28,Urban,41.09,2019.0,9.0,September
Telangana,2019-10-31,6.74,44.51,Urban,37.769999999999996,2019.0,10.0,October
Telangana,2019-11-30,5.23,43.87,Urban,38.64,2019.0,11.0,November
Telangana,2019-12-31,4.22,43.13,Urban,38.910000000000004,2019.0,12.0,December
Telangana,2020-01-31,6.49,45.95,Urban,39.46,2020.0,1.0,January
Telangana,2020-02-29,6.74,45.78,Urban,39.04,2020.0,2.0,February
Telangana,2020-03-31,6.1,43.65,Urban,37.55,2020.0,3.0,March
Telangana,2020-04-30,10.5,29.05,Urban,18.55,2020.0,4.0,April
Telangana,2020-05-31,36.57,37.63,Urban,1.0600000000000023,2020.0,5.0,May
Telangana,2020-06-30,6.92,37.68,Urban,30.759999999999998,2020.0,6.0,June
Tripura,2019-05-31,34.69,69.5,Urban,34.81,2019.0,5.0,May
Tripura,2019-06-30,25.59,58.8,Urban,33.209999999999994,2019.0,6.0,June
Tripura,2019-07-31,25.81,59.1,Urban,33.290000000000006,2019.0,7.0,July
Tripura,2019-08-31,33.45,59.07,Urban,25.619999999999997,2019.0,8.0,August
Tripura,2019-09-30,33.57,66.9,Urban,33.330000000000005,2019.0,9.0,September
Tripura,2019-10-31,26.67,60.0,Urban,33.33,2019.0,10.0,October
Tripura,2019-11-30,27.15,62.14,Urban,34.99,2019.0,11.0,November
Tripura,2019-12-31,33.48,63.41,Urban,29.93,2019.0,12.0,December
Tripura,2020-01-31,34.37,72.26,Urban,37.89000000000001,2020.0,1.0,January
Tripura,2020-02-29,33.88,66.04,Urban,32.160000000000004,2020.0,2.0,February
Tripura,2020-03-31,25.69,63.56,Urban,37.870000000000005,2020.0,3.0,March
Tripura,2020-04-30,34.88,47.65,Urban,12.769999999999996,2020.0,4.0,April
Tripura,2020-05-31,16.78,48.31,Urban,31.53,2020.0,5.0,May
Tripura,2020-06-30,27.47,56.17,Urban,28.700000000000003,2020.0,6.0,June
Uttar Pradesh,2019-05-31,14.4,40.43,Urban,26.03,2019.0,5.0,May
Uttar Pradesh,2019-06-30,11.62,39.75,Urban,28.130000000000003,2019.0,6.0,June
Uttar Pradesh,2019-07-31,11.8,40.43,Urban,28.63,2019.0,7.0,July
Uttar Pradesh,2019-08-31,14.73,40.87,Urban,26.139999999999997,2019.0,8.0,August
Uttar Pradesh,2019-09-30,13.58,40.07,Urban,26.490000000000002,2019.0,9.0,September
Uttar Pradesh,2019-10-31,10.35,39.71,Urban,29.36,2019.0,10.0,October
Uttar Pradesh,2019-11-30,11.31,40.6,Urban,29.29,2019.0,11.0,November
Uttar Pradesh,2019-12-31,12.37,40.21,Urban,27.840000000000003,2019.0,12.0,December
Uttar Pradesh,2020-01-31,12.34,39.52,Urban,27.180000000000003,2020.0,1.0,January
Uttar Pradesh,2020-02-29,11.65,39.54,Urban,27.89,2020.0,2.0,February
Uttar Pradesh,2020-03-31,12.32,40.0,Urban,27.68,2020.0,3.0,March
Uttar Pradesh,2020-04-30,26.94,37.74,Urban,10.8,2020.0,4.0,April
Uttar Pradesh,2020-05-31,32.06,41.1,Urban,9.04,2020.0,5.0,May
Uttar Pradesh,2020-06-30,13.05,38.09,Urban,25.040000000000003,2020.0,6.0,June
Uttarakhand,2019-05-31,9.17,26.33,Urban,17.159999999999997,2019.0,5.0,May
Uttarakhand,2019-06-30,4.69,33.54,Urban,28.849999999999998,2019.0,6.0,June
Uttarakhand,2019-07-31,6.94,32.48,Urban,25.539999999999996,2019.0,7.0,July
Uttarakhand,2019-08-31,7.43,31.21,Urban,23.78,2019.0,8.0,August
Uttarakhand,2019-09-30,9.62,27.51,Urban,17.89,2019.0,9.0,September
Uttarakhand,2019-10-31,4.72,33.87,Urban,29.15,2019.0,10.0,October
Uttarakhand,2019-11-30,6.34,33.61,Urban,27.27,2019.0,11.0,November
Uttarakhand,2019-12-31,7.39,31.65,Urban,24.259999999999998,2019.0,12.0,December
Uttarakhand,2020-01-31,8.92,27.55,Urban,18.630000000000003,2020.0,1.0,January
Uttarakhand,2020-02-29,5.28,35.11,Urban,29.83,2020.0,2.0,February
Uttarakhand,2020-03-31,8.15,33.33,Urban,25.18,2020.0,3.0,March
Uttarakhand,2020-04-30,13.18,29.59,Urban,16.41,2020.0,4.0,April
Uttarakhand,2020-05-31,17.36,32.27,Urban,14.910000000000004,2020.0,5.0,May
Uttarakhand,2020-06-30,5.08,35.61,Urban,30.53,2020.0,6.0,June
West Bengal,2019-05-31,7.25,46.37,Urban,39.12,2019.0,5.0,May
West Bengal,2019-06-30,7.38,43.51,Urban,36.129999999999995,2019.0,6.0,June
West Bengal,2019-07-31,7.91,44.38,Urban,36.47,2019.0,7.0,July
West Bengal,2019-08-31,7.27,46.77,Urban,39.5,2019.0,8.0,August
West Bengal,2019-09-30,7.79,45.74,Urban,37.95,2019.0,9.0,September
West Bengal,2019-10-31,7.83,43.25,Urban,35.42,2019.0,10.0,October
West Bengal,2019-11-30,6.61,43.44,Urban,36.83,2019.0,11.0,November
West Bengal,2019-12-31,7.24,45.97,Urban,38.73,2019.0,12.0,December
West Bengal,2020-01-31,7.27,45.39,Urban,38.120000000000005,2020.0,1.0,January
West Bengal,2020-02-29,7.55,44.09,Urban,36.540000000000006,2020.0,2.0,February
West Bengal,2020-03-31,6.67,43.34,Urban,36.67,2020.0,3.0,March
West Bengal,2020-04-30,15.63,41.2,Urban,25.57,2020.0,4.0,April
West Bengal,2020-05-31,15.22,40.67,Urban,25.450000000000003,2020.0,5.0,May
West Bengal,2020-06-30,9.86,37.57,Urban,27.71,2020.0,6.0,June
